code';'libelle';'definition
PRE';'"ETUDE PRELIMINAIRE"';'"Resultat de l etude preliminaire, au sens du decret d application de la loi MOP (n°93-1268 du 29 nov. 1993) : premiere etude de faisabilite pour la construction d ouvrages neufs"
DIA';'"ETUDE DE DIAGNOSTIC"';'"Resultat de l etude de diagnostic, au sens du decret d application de la loi MOP (n°93-1268 du 29 nov. 1993) : pour une operation de reutilisation ou de rehabilitation d un ouvrage existant, etat des lieux, analyse technique, etudes complementaires"
AVP';'AVANT-PROJET';'"Resultat de l etude d avant-Projet, au sens du decret d application de la loi MOP (n°93-1268 du 29 nov. 1993) : confirmation de la faisabilite, premiere implantation de l ouvrage, autorisations administratives"
PRO';'PROJET';'"Resultat de l etude de projet, au sens du decret d application de la loi MOP (n°93-1268 du 29 nov. 1993) : precise les choix techniques, fixe l implantation topographique, les caracteristiques et le dimensionnement"
ACT';'"PASSATION DES MARCHES DE TRAVAUX"';'"Resultat de la mission d assistance a la passation des marches de travaux, au sens du decret d application de la loi MOP (n°93-1268 du 29 nov. 1993) : mise a jour eventuelle de l etude projet "
EXE';'"ETUDE D EXECUTION"';'"Resultat de l etude d execution, au sens du decret d application de la loi MOP (n°93-1268 du 29 nov. 1993) : elaboration des documents a l usage du chantier. Le resultat de cette etude donne generalement lieu a un VISA du maître d oeuvre."
TVX';'TRAVAUX';'"Resultat des missions de direction de l execution des travaux, d ordonnancement, de coordination et de pilotage ; ainsi que les operations prealables a la reception des travaux, au sens du decret d application de la loi MOP (n°93-1268 du 29 nov. 1993)"
REC';'RECOLEMENT';'"Resultat de la mission d assistance a la reception des travaux, au sens du decret d application de la loi MOP (n°93-1268 du 29 nov. 1993) : inclus le recolement des ouvrages et la realisation du Dossier des Ouvrages Executes"
MCO';'"MAINTIENT EN CONDITIONS OPERATIONNELLES"';'"Le statut MCO permet d identifier les objets qui font l objet d une operation de maintenance, avant le passage en statut REC une fois l operation achevee et son recolement realise"
