or_code;or_siren;or_nom;or_type;or_activ;or_l331;or_siret;or_nometab;or_ad_code;or_nomvoie;or_numero;or_rep;or_local;or_postal;or_commune;or_telfixe;or_mail;or_comment;or_creadat;or_majdate;or_majsrc;or_abddate;or_abdsrc
OR900000000000;380 129 866;ORANGE;SA à conseil d'administration;Télécommunications filaires (6110Z);FRTE;38012986646850;;;RUE OLIVIER DE SERRES;78;;;75505;PARIS CEDEX 15 ;;;;26/05/2015;02/06/2015;;;
OR900000000001;;CADaGEO;;;;;;;;;;;;;;;;26/05/2015;;;;
OR900000000002;;SMO;;;;;;;;;;;;;;;;26/05/2015;;;;
OR900000000003;444 608 442;ERDF;SA à directoire;Distribution d'électricité (3513Z);;44460844213631;;;PLACE DES COROLLES;34;;TOUR ERDF;92400;COURBEVOIE;;;;26/05/2015;02/06/2015;;;
OR900000000004;;ALCATEL;;;;;;;;;;;;;;;;02/06/2015;;;;
OR900000000005;;COMMUNE;;;;;;;;;;;;;;;;02/06/2015;06/06/2015;;;
OR000000000004;;SFR;;;SFR0;34305956400793;;;SQUARE BELA BARTOK;1;;;75015;PARIS;;;Société française du radiotéléphone;03/06/2015;;;;
OR000000000005;;FREE;;;FREE;42193886100034;;;RUE DE LA VILLE L'EVÊQUE;8;;;75008;PARIS;;;;03/06/2015;;;;
